firm_ID,beta_M,beta_SMB,beta_HML
1,1.6185550967187536,2.6363236461812662,0.47729850558850684
2,1.2394685447044134,0.49988998181367095,-0.5282987381677632
3,0.6958671528641373,1.1403276397415003,0.3300538776435894
4,0.37528385510261925,0.49782000601191295,-0.4372963885269229
5,0.5830637105201697,1.530597309367463,1.1149295154287187
7,0.3802341707818753,0.9198352660552532,-0.30141112945261356
8,0.22315356977078266,-0.05152617597530863,-0.11220010975841554
9,0.6485198030256875,0.5484041795136362,-0.08043050814176748
10,0.9225576395839621,1.206202185568604,0.36373994300726664
11,1.1064183531170817,-0.4437823927127586,-1.562400934876995
12,0.9910663298655231,1.961116665039778,1.3490150781985755
13,0.8332910301762788,-0.5169071731032965,-1.572854439183435
14,0.05312421070642479,0.33774034390467106,-0.49071156029120955
15,-0.1039689532077723,0.5183868137833589,0.1583778366806414
16,1.200678571140664,0.8899739085261378,-1.8228061919796466
17,0.8642583724330414,0.09986578122934882,0.9686175080220258
18,0.06418051171800916,-0.22575280070534995,-0.844392132825847
20,1.6860352049474026,0.272414239184644,-0.5173002448096182
21,0.462539949757588,0.3232207874005488,0.8261489919292642
23,0.4046861889911569,1.6280495111790445,0.8427037911330857
24,0.7780058330623684,1.3195296574144153,0.3175660267262715
25,0.32081595978801,0.5673268399647617,-0.7454416954383183
27,0.6929122279378712,0.4530190655841292,1.0913783021577197
28,1.1149075995088238,0.5487595754864211,-0.5708460663214687
29,0.717783759289234,0.6167529626793306,0.5440141197848236
30,1.783354702779176,1.7412449176193443,-4.1065113994084985
31,0.8274284133302766,-0.5769390076194115,-1.334262220047102
32,0.4378549094271632,-0.6307628878318068,0.10381699820012386
33,0.7485696833407465,1.3200898622621973,0.7699028268082457
34,1.0428839888862578,0.5018236720854341,0.3831117121442689
35,0.737985436059588,-0.2844747113844175,-0.26603211894528844
36,0.5953525060374817,-0.15498468734977033,-0.6314802727102178
37,0.566015741109855,2.2212767898137926,0.03533214918826817
38,1.6598574128718442,1.720656081918935,-2.6876985623415135
40,0.21334569267539052,0.7431232441383163,-0.855505837338547
42,0.42529058451449414,0.522197588392982,-0.2993749857171809
43,1.395547298188473,0.9578955293641741,1.1204215471911867
44,0.1458804873500538,-0.5467394808686252,-0.9868639253221615
45,1.0653165895196168,0.09536211236575667,-0.5341729195857349
46,0.8028625093838855,-0.20609120046604162,-0.37992515703790913
50,1.1775889274629765,0.12429465340013719,0.44839147982498206
53,0.5259811394447832,0.2680848625172457,-0.044746866091287536
54,0.5681365783362576,1.0237052995203608,0.7492771904516592
55,0.6969271926479838,0.8184292969807466,-0.031435011892062846
56,0.7827620115404603,-0.4667912404470326,-1.696884153342607
57,0.7062400062296554,1.1883831430902632,-1.004261424874807
58,0.8019783212281529,0.6520455942501224,-1.616229658026824
59,0.589112993574592,0.5322253984423932,-0.62451559550001845
61,0.7946722786864034,1.0825888085006856,-0.4746126938869388
63,1.2042516106935421,1.5858360168519863,-1.5051073795633987
64,0.8988765298583461,0.6925011819720989,1.0996457893073985
65,0.9196672640716681,1.058799493718314,-0.4854859565599429
66,0.7490366151344933,0.47254198453363644,-0.5181320872835857
67,0.39980178457441434,0.5499948774903821,-0.33364937738869527
68,1.1312981852462074,-0.6507364809388673,1.2302474064245814
69,1.3062772585726747,1.056044378949553,0.5864822076559497
70,0.5902964441994537,0.4027851335199788,-0.5714417182812545
72,0.900188274351895,0.6345097420966717,0.6940757778623265
74,0.319128726835889,0.5359593514330617,-0.9369820678103157
77,0.4079552975578887,1.455304473886854,0.20587704586480923
78,0.41280548085871377,0.5570233505966962,-1.542049844105786
80,0.23393724235952268,-0.31396118715090915,0.5034833195311725
81,1.0591924036584248,1.283903406792562,-2.7603052813640865
83,1.036729998034977,0.3243836534798063,-0.2833220031698144
84,0.3966018840596507,0.08642530148313814,-0.6780448180207802
85,1.2289803455827317,0.2313753776193108,-1.4915870571668415
87,0.5389952107905962,0.6494957748025113,0.6641225385655443
88,0.5120472543416048,0.20879969007487764,-0.7557751724412012
89,0.8692914002781178,0.016562098214646555,1.2049821267533223
90,0.5082415893137344,1.171432622695847,0.14056642938354544
92,1.275319531513026,0.786528839595661,1.2817405234416843
93,0.9857130323706299,-0.19002572358863265,-0.10120344537988384
94,0.1669696455927558,-0.4174503375341508,-0.8498476002216832
95,0.43603376845702974,0.6847991117798918,0.11847327270585789
97,0.9092141420543521,1.5866940687156437,-1.2390431187454232
98,0.16293104626960603,-0.23572250140493764,-1.1568219899118701
99,1.4150852867977333,1.418751362342351,-1.307672482545954
100,0.9008128726784278,1.8683332670191521,0.8143702682620404
101,0.5055511030970218,-0.18879168892453577,-0.13429039999266085
102,0.6145856180843826,0.6648845650349833,-0.331514540265618
103,0.3058970486691865,0.9602197731210605,0.330023480675937
104,0.6149720095790027,-0.002615521318657365,-1.567778684974469
105,0.8222810952374511,1.7387158563680376,0.9117121758288023
106,0.20994210304551966,-0.13645692351216757,-0.9315942777948263
107,0.31248276215481313,0.583447856185326,0.8687087599106736
108,1.0367303984344605,2.169416549194758,2.045102144617477
109,0.9536607642423595,0.19257541773793374,0.6868395012356328
110,1.123863536683418,1.275924348310618,-0.09896402669969553
111,-0.08594298026889455,-0.32657997023693713,-1.321773150026255
113,1.6907630751486213,0.4928721655203064,-0.19590751987712285
114,0.22205230031247106,-0.5317483397774833,-0.48084045165616174
115,0.9329244493737097,1.045197247770907,-1.182275720974345
116,1.4618231845233545,1.3198169679019645,1.3429302196028337
117,1.3107214398033769,-0.11737557792345307,-0.9162510157923568
119,0.9656468278484267,0.5872136202850525,0.060578940400253314
120,0.9380737958523205,0.2464452704811954,0.7709007458584798
121,0.5701182378214152,-0.021638027890792957,-0.707889730027965
122,0.44611379779072335,-0.03539476996687827,-0.8320727884173001
123,0.9338779224534415,0.5556246786013411,-0.14580562762888186
124,0.9586678798573779,0.8284517436640636,-0.3084080209571134
125,0.9687126586899476,1.3473837973383112,-0.7465094774952268
127,0.9774185629833729,0.8604106363676908,0.10990003378333783
128,0.9896806753387305,0.9316588521670254,-0.2973796631133278
130,0.6282664619268175,1.0576435262644894,0.9294517420356194
131,-0.10746477151240058,0.48770903464252696,-0.1929944855096472
132,1.0844375909707225,1.5542032240705232,-0.0894644509675678
135,0.8651994930262081,0.4123517269959521,0.620111848173836
137,0.4689915908892614,-0.8591038226978476,0.7884093575370154
138,0.6684418431148429,0.769949811410474,-0.40575286172766617
139,1.3117726879125653,0.06594606365808567,-0.8079041036758341
140,0.6805288528025908,-0.2340003095306818,-1.0463716410273012
141,0.6568600501766905,-0.0710008199833509,-1.1655409608179845
142,1.1454250982871923,0.2713514812994879,-0.7149265144227599
143,0.7854264585035279,0.16668583756576358,-0.40764871026140015
144,0.8627430141505292,0.4232110213355615,-0.47928358386294456
145,0.8611273791475681,2.0109529943648,-0.24768890964158363
146,1.2711947417450176,0.7715223268807377,1.1566919042401247
147,1.793783475491093,1.4591253251186262,-3.315936544737229
148,0.7182940771097462,0.3787310322638918,-0.3108356595161483
149,0.368074150689605,1.2498840939033926,-0.9869594726539052
152,0.46674387613472956,0.7079519901247013,0.8277703442710028
153,0.7529458935595214,1.3040518348823957,-1.02609620856735
154,1.0114541854059858,1.2830678780855558,0.2841833610512266
155,1.0940767186405906,-0.11504023552520459,0.3405943152166014
156,1.46455829989331,0.04771489350892072,-0.039349736035661456
158,0.678362336662953,0.8057187259847666,-0.24521610763969368
159,0.8989315856993977,0.8994909197654392,0.24306345153380152
160,1.9957912117451873,1.212419955993126,0.44893918746634365
161,0.9269456495381068,1.0850718625962212,0.09608403495863296
163,0.9515533838487282,0.3627079074434299,-1.772527907720402
164,1.263768970048492,0.06923224915377618,0.46815051493024396
165,0.7716332861258499,0.018695914359788447,-0.8185253930794942
166,0.3208969810773977,0.9249224246331099,0.2857610831366298
167,1.226502403745618,-0.2030581482646851,0.39562126431817546
168,0.8241553127306445,0.4972225606737533,-0.31086362809538826
169,0.5312541072566613,0.9958141761499331,0.5666551490747986
170,0.8002799811018473,1.462884292468976,0.8518133275105295
172,1.1209057331792969,-0.22452865285050597,-1.9131774471794134
173,0.11805403115886064,0.0018276772738561097,-1.2262142940855925
174,0.8688575081681872,1.2636193943832033,0.72735923885196
175,0.2784131867723213,-0.8505014692511795,-0.918346835767043
176,0.6926917940073126,1.0625677082326141,-0.9936226995924458
177,0.890320403948206,-0.4340818364909958,-0.2587566783942624
179,0.735010564991187,0.3768475122242661,0.5237265488805237
180,0.5895343146653006,-0.03758724663500003,0.35115834265906726
181,0.8149842724809699,0.7329991131269922,0.5577428683325139
182,1.1374685321763818,0.7265420058135938,-1.077549314628612
183,0.6545678056285269,0.8519891161893315,-1.235135793631024
184,0.9018509148545075,0.21354599335119104,0.7134754386612324
185,0.4114769414321382,0.36007087051254594,0.3862796683186244
186,0.39852003914414286,1.061012478347552,-0.41371142436583214
187,0.8085715837748572,0.61610012955456,0.9208372514968862
188,0.07573812876434807,0.4207058787701984,1.2272394557323
191,0.7905501647813036,0.15984205940373744,-0.4419091485204349
192,1.2692391830784056,-1.0776247390547682,0.3336573332680558
194,0.4759504639809526,0.48290324416450187,0.13799742544535795
195,0.6249101690184007,1.0943707636026019,-0.8694130583573005
196,0.5905569227455169,0.9568439391179142,-0.7051836367145654
197,0.870257310150758,0.54250483420271145,0.6284111903648584
198,0.7697855512722169,1.3253755986105265,-2.2168046748256014
200,0.40978821477526817,-0.21288650376140966,-1.1375593609843457
201,1.3827743367073009,2.1823153190622264,-1.3257506185813128
202,0.5497508076328887,0.2114041723836309,-0.5375677994702025
203,1.1700066156718627,0.5664355693865734,-1.2128387847332676
204,1.0966548990169502,0.8102986153314204,-0.5760497890355727
205,0.5466585609368694,-0.12636628841636313,-0.9526977214139014
208,1.138007809047911,-0.7328684891054811,-0.4471112874358536
209,0.8902557575853184,1.145063539804177,-0.09173883375330884
211,1.1025489821013224,0.3382954073543509,-1.5215947720815823
212,0.13817942051610815,0.24502024898551483,-0.6790729011077528
213,0.29508551216642037,-0.3421391798245318,-1.2395848651785442
214,0.5248211843311997,0.013280895359162902,0.03587624958402319
216,0.27838379365620025,-0.039943242938271006,-0.014278541468220723
218,0.6684236017330276,0.6340750153676241,0.6807711808961836
219,0.7919722686237962,0.5445347150685155,0.02046451838503935
221,0.637547011013139,-0.22658199271946436,-0.405306979813469
222,0.5284037283325281,0.11859756830237622,1.1988395886831198
224,0.06122973948374666,0.2548058245397,-1.2495996983253934
225,0.6891529435950214,0.7199125250966002,-0.22588057931327535
226,1.3440553822229406,0.08446268416185963,0.6107568420273655
227,1.8781261998092282,3.191331009907084,-3.0664360285254033
228,1.0722375912724011,-0.07640424071443594,1.3506362491261716
229,1.4502935448977416,0.4268539170193677,1.2510291470495851
230,1.193794912084496,0.1385409294497873,-0.1374494495939324
231,0.43292180556787696,0.3380642969402894,0.6937134747630462
232,1.6164199978870522,0.6349258773092182,0.331249555493787
233,1.1655717189596593,0.30835463962038623,0.2849780482159722
234,1.023604063422324,0.15986335518677577,0.6507236547499196
236,0.939449171392968,1.3266423330924724,-3.2319324344421587
237,1.0410473284998467,0.6616886445193505,0.5949489510254979
238,0.898128536390053,0.48655056602872243,1.1858515009420032
239,1.194360143808209,0.33479428661311544,1.0360616849071056
240,1.3609831330002538,-0.30467523535493,1.4615527863737316
241,1.8567024163688752,1.0554269797681255,1.1214727153306532
242,0.532614747370089,0.8072135496514018,0.8096882426994485
243,1.167551648202572,1.6127300313518131,1.1059038008058533
244,1.4634880596775213,0.7943948437969389,1.4988389323965765
245,1.6399543198176916,0.29325270365540995,0.8804141009704808
246,1.0495225252040805,-0.19925233217577654,0.7323937868847135
247,1.1283104847540053,-0.33661060377724594,1.3864468467859767
248,0.5757786053516241,1.4629179377635204,0.9312310325215548
249,0.8574365283880518,0.11369072763898182,0.35001899060769026
250,0.6799457900534708,1.3875136270421862,0.4716759513489005
251,0.875981317727899,0.3690698427060729,1.5487534879225764
252,1.6617131920255543,0.5298875521933261,1.8221522936354977
253,1.076653000757732,0.7105656946292734,0.9341960228452109
254,1.169485113452976,0.5178199800842593,0.3018996342554416
255,0.8912506029772723,1.5790227956831127,1.3088659406772731
256,0.5371547826995096,-0.4569821830434336,1.3257835509092544
257,0.5177264986424869,1.6928471215430936,1.219192125665803
258,1.320418825755692,-0.13938049732515137,0.8359164038930543
259,0.7851126377194684,-0.014311104659956784,0.5805562617105502
260,1.8445605492667516,1.8007562471268457,1.485079939081712
261,1.2148547211291723,-0.4929013500552486,0.2565611491729292
262,1.6411012149277606,0.3910156749729246,1.3231086130823764
264,0.969401116062467,0.32438849337619163,0.970629384013329
266,2.629818189228086,2.027897879045284,0.3705735572205667
267,1.1397500156888136,1.5110430153906216,2.096836577800486
268,1.3526260521261286,0.479096516489849,0.221347575188991
269,0.714063097641921,1.287670429182859,0.8815477320737308
272,-0.06444925012735288,0.967810246422638,1.6070664415912532
273,0.37828609987344974,0.01948688284186784,0.18477755806188847
274,0.8838046854242447,1.9008939522836799,-2.1181342084088106
275,1.2116887332431012,0.27355517422141595,0.4013395959626196
277,0.9812188284724356,1.117915684489881,-0.2716850069823321
278,1.3065710230440761,0.5738676825834526,1.7366336725696057
279,1.1889597467172042,0.9324911454208858,-1.985365409032395
280,1.4279976348963799,0.08057448699349609,-1.483193717746846
281,0.8410186097730264,0.7525401851907282,-0.15715765924045022
282,1.087781096742399,-0.04854163942587194,0.47940193808107573
283,0.5476127277066982,0.09286946572654539,1.970929857244097
284,1.5000529834032648,1.2527562981455251,1.5053351640693666
285,0.6015342341183065,-0.12010801738329448,1.909979895467049
286,1.0368348200512292,1.1286133127807594,-0.6397745244750394
287,1.387000691927382,-0.7058064831814241,0.9012485793604675
288,1.3412474432010222,-0.025114628467029495,0.9335543307485448
289,1.469774192411742,1.7454651289319452,-0.8068851455158393
290,1.4522502843866711,1.2409990452088668,0.4885295399013339
291,1.246544795941148,1.189731227373971,1.144491996228659
292,1.3846722132541673,1.088979182045928,-0.28523936777276904
293,1.3523860963217698,0.5093363589726358,0.7421031733413649
294,1.3483035669500911,1.1376473307321784,1.4597622365567038
295,0.864416313193633,-0.4553131996685054,0.43944941250121666
296,1.244578675724177,0.37232554378967936,-0.23595533523023599
297,1.0382523116374882,1.1173513081165236,0.2834942764899861
298,1.0949039428816996,1.9868077629270522,1.5291897446682103
299,1.4743878790866505,0.10570748466058735,-0.4361576056475659
300,1.542038729952277,0.5835417723827313,0.014201708638360915
301,0.8158427082906105,0.13165998198334114,0.2356449401737279
302,0.9170437583208361,-0.28239834548521386,-0.48712097688516603
303,1.0545204173495613,2.3064886289753326,0.8446109669151637
304,1.0455474360066082,0.5601172184635089,1.0311506653865978
305,1.0623799602431505,1.7685955871523111,1.6035194225508587
308,0.8885574116601136,0.05141225915646308,1.2714597303486195
309,0.7419287829051251,0.6140529875625302,2.0714496688379733
311,0.9130141786195909,-0.12473746378189626,0.4720989356368736
312,1.468453062569777,0.7610001969050959,1.023352429641002
313,1.2303493563540717,1.0680072256218287,-1.4337372069809815
314,0.6674669890658729,0.4475314973014722,0.6673071494239639
315,1.0069887193345302,0.36520175347478856,-1.3733973474048515
316,1.0326160670447053,0.36507606625498595,0.1928322819725001
318,0.8509070252187986,0.37771842114795035,0.6205351992356497
319,1.0652564041504198,-0.1546139622268843,0.9790519706530267
320,1.1640945722542773,-0.33061265273457136,-0.18818005492128817
321,0.8980922935025902,0.3817102128980402,1.5066615869700368
323,1.161193636975633,0.46713902136058,1.1028598598798687
326,0.987447984365494,1.134213917927157,0.8915060230610633
327,1.2983365322857603,0.795176418999478,1.8462075531653446
328,0.7961700205908699,-0.2887509505349734,0.1536102743851956
329,1.5984056027621742,0.08975265803717437,0.6454710415848154
330,1.067090016548929,0.6996110995733165,0.17934327865444383
331,1.4980920009329375,0.1662825267896339,-0.988117348458006
333,0.9841468911344906,-0.5729589746468202,0.9033939762327196
334,1.401851440671763,0.46700391862165413,2.089636194773644
335,1.3401644320143173,-0.3430098459013898,-0.5073757995815836
336,1.2240876850544276,2.0334966228507696,2.0036764923731805
337,1.4437653344042685,0.785707217161454,0.409451004013811
338,1.9619409357880488,2.6327962633560604,1.884057380821138
339,0.5706426279953923,1.7449427382022122,-0.2753032825184651
340,0.7107672152448143,1.4890092203113903,1.2563277362465979
341,1.6642440869798303,1.6647081737669438,1.1049001598715849
342,0.7829522550110698,1.294706415451382,-0.7534944990641446
343,1.815815354897258,2.3300233305730873,-0.6961355585061612
344,1.336460279628376,2.135454889210834,1.551854984491436
345,0.8651875147631631,0.9164995503161912,-0.23780568887009165
346,1.0458612777878111,0.49446093019036547,0.8481647874174666
347,1.6530430303573518,-0.31187788876907424,1.9670916775172367
349,1.2180975853684914,-0.23797406273666555,0.7887823423014981
350,0.43201699797886717,1.437209081898641,0.6649850235462018
351,1.3795390187639072,0.5178950654009944,0.3790554733466775
352,1.1740402977946178,0.8353714830097648,0.6947082994802455
353,1.4920605299784018,0.26728619487348243,0.6802361139236719
354,1.6868065353935393,1.2079189169599323,0.662835252862104
355,1.3708527149524345,1.237647895715155,-0.43521071660677724
356,0.8179585648820821,0.7366676368884938,0.005526403031712831
357,1.2733197367663507,0.9052000159833439,0.7281615454270964
358,1.6638036518549486,0.5074669242670949,1.1776591190451293
359,1.0722722719693092,1.5575381416515108,0.681936894026661
360,0.7809879815182678,0.28348996171364077,-0.9392442581137694
363,1.3365618608747516,1.7287534899481323,0.2628877134922428
364,0.2783212286176677,0.8313464730554947,0.025133195779369483
365,1.0073088655009674,0.5895178664235031,-0.1221676983836899
366,1.2619324637745812,-0.17516659328791062,0.4627397279575472
367,1.4677353970477212,1.562961383119498,0.9945687012943408
368,0.5812491671523079,-0.16442340873736094,0.42580393820623874
369,0.7257260289990203,-0.09451096463200025,-0.29241860063755004
370,1.5672881055514942,-0.5814657013422585,1.3373945936628195
371,1.2561032213534424,2.6250263944882533,1.2562967937186422
372,0.8072570847038103,0.6373825799775503,0.2328290472701682
373,0.7741553035072788,-0.07925272303138474,0.4508354201659774
374,0.9516514595971594,1.1793707724936915,1.501057102819375
376,0.6768081089618956,0.9970099277661633,1.1395628117072454
378,0.8897215141983577,1.5565913101445747,-0.5866014189774252
381,1.461999250264738,-0.1962866791735174,1.169478782785389
382,0.9466448120130888,0.28477461380292807,0.691321771611957
383,0.886907953572928,1.3095343927380467,-0.21638008317326948
384,1.8757260493343175,-0.6603559281448942,1.026025545537751
385,1.962258245991257,0.5735985621833668,-0.24564993061790577
386,1.0577130605152993,0.5565009918763509,0.928936085851924
387,1.022664033653774,0.9985787038047556,0.9295226774004515
388,1.2115286052513359,0.8817778133897994,2.2560312773908597
389,0.6385114833929791,0.1255586526022499,0.4697540587801995
390,1.1472566607525154,1.1447900022557562,0.45572918315792776
391,1.1192756401814277,0.6439826071841139,0.6225244719169445
392,1.2462825057080058,0.740904169332386,0.12907148921388142
393,0.9182245124051216,0.7280152304096985,1.0025597404368365
394,2.2525026190094946,0.12225961183591105,1.0605454233146288
395,1.2022196880584695,2.0849439956226665,0.35297336570438415
396,1.4013574739170223,0.8416970446213579,0.35408743271357046
397,1.112073968036739,-0.1385229465968942,-0.3248673443094637
398,1.2062174467161242,0.4728971219532056,-0.3051445882106306
399,1.885920201554058,2.00596220592919,-0.013234746392385468
401,1.0785329479615564,-0.6455898847959399,-0.859642189699897
402,1.0253339799715893,1.4100572440504202,1.221062900863158
403,1.491060938768839,0.19921936316974262,0.630217166138438
405,1.494328610624461,0.18984675461586126,0.08437285450946252
406,1.2894458742423238,0.9707991835012205,0.4323038057583996
407,1.7252854295735014,1.3536708983038934,1.302248801877799
408,1.586882896820248,1.1435675438335444,-1.3044590775397087
409,1.0985502028062348,-1.0231879593374333,-0.8454105063241962
410,1.258197392908353,1.6364418150158675,0.6613578722842537
411,1.9248468483094474,0.08747112346216038,-0.4778399138750533
413,1.0660662442173832,1.2213858335179852,2.772249314283583
415,1.1362749270871872,0.5482447091635552,1.4137525423031796
416,1.1905374190366114,0.7420920398012133,0.8603793879410537
417,1.311601550577346,2.4486365317020207,0.8753019857160704
418,1.5293022789896162,0.6441234479859325,-0.5634482584894502
419,1.4819167913578493,1.9237893146731788,0.32058169614098964
420,0.27411163801174876,0.2806683589899733,0.7565853500289497
421,0.6730044880108742,1.0746383619030597,1.5891596283841816
422,0.5466457263366076,2.1043171924952255,1.197356036188004
423,0.9448450127990315,1.8189618712561746,0.8635445071435722
424,1.2237550191675668,1.9454709442790867,0.38705403020975787
425,1.3148973536602946,2.3895659090186534,0.6998368120628231
426,2.111248313979242,0.7920221315012431,-0.07490518089259822
427,1.0622176459803012,0.8328137557655592,1.2949514934162805
428,0.6969820882565306,-0.275874391789449,-0.22860693271541255
429,1.3182757247117376,0.28149909104932735,1.0564127849305676
430,1.2657927866915812,1.3433599608433893,1.0154633308057297
431,1.188604260635405,-0.340402520479617,0.27906895204581267
432,0.3339368302648917,0.5359751282632824,1.2168095435373965
433,1.7873763178381994,-0.8554878201088251,0.5352155016532278
434,1.8336862337239364,0.4284390165521868,0.5438561470018379
435,1.0436282344072703,0.5910187322190951,-0.31423579562457704
436,1.1414429946747477,0.655989795017915,0.11447408243050726
437,0.7678704402684368,1.2613628889327928,0.5933253585157873
438,1.1125795488027737,0.7035848921860657,1.0273977159097094
439,1.548998953079692,-0.5298814132169647,-0.4853119587209079
440,1.3476015286628047,2.0287527738590057,-0.376173739136113
441,0.9212889552736815,0.7490640190647505,1.5589527556621072
442,0.771689855718521,1.3347177652503925,2.4258522680601704
443,0.850494508815988,0.40121024050590537,0.4573598535692981
444,0.7339025936533442,1.181965030844249,0.5213572239958377
445,1.3013072580782565,0.7043418935846646,0.6930837823602282
446,1.334350961763728,1.885124776787673,-1.697361878020622
447,0.4740702712381765,-0.5275999754080288,0.42481086748042607
448,1.0082305562193024,-0.09188950120716895,0.8086835814265588
449,2.2491822710200196,2.41687259136159,1.5994407085796918
450,1.9120683504790397,0.15237145634616586,1.16271070321123
451,1.2658006866489213,-0.6490235603990075,1.1099017246317948
452,0.8493616603892434,0.37862114516982265,-0.5791205351235604
453,1.4973232717812455,0.5057041732685688,-1.0369780227367862
454,1.6056495324141682,1.160534303872965,-1.0592574331795368
455,1.8060302039423757,-0.18613321110601289,0.7365123762393738
456,0.6763644736655253,0.875408082166551,-0.1428313182357752
457,0.6348237659829431,1.0533591770678585,0.593179575911907
460,1.198580221420029,1.0990323582084942,0.9982633858164524
461,0.7030911662012516,-0.5047612655682565,0.02232311433910274
462,1.7441584605888376,1.4550605508155339,-0.7413494180182919
463,1.1113294930562083,0.2982607286777808,0.5384785550818092
464,1.0856725274468961,-0.5944213284259302,-0.5204249075511168
465,1.763514997520496,1.3763714321984177,1.8471499120476453
466,1.1944079966854273,0.392752690668248,-1.1662046395280214
468,0.5828413569710127,0.5591672375772229,-0.07221156767845131
469,1.5936316074357286,1.3021596077810398,0.3290351065480168
470,0.3537688845811611,0.6731349729135133,-0.1261942499805607
471,1.335528432430233,-0.30268790042309823,-0.9214086531811794
472,1.041419556456743,0.6048267239755754,-0.6035019112169645
473,1.471947592115755,0.61708664564683,0.26699562314538977
474,1.2653832192263665,0.8176926025603383,0.07497349775694999
475,1.5338475544889718,0.458080136672405,-1.047640455903511
477,1.0770143180921432,2.452655899127497,0.9609861826840265
478,0.9584751816028836,1.2357590443570068,-0.5623476341319124
479,1.5369979793848747,0.3251806152536972,-0.5829872237531852
480,0.8998784995214659,3.662585989156012,1.7551154876757817
481,0.3029740199821997,1.3938965704749098,-3.898532830168253
482,0.9291173951087833,0.9575002676213029,-0.32839467619459906
483,1.3116145341824839,-1.1954320482179825,-0.47194324212371136
484,0.3975790083337823,1.1120121356585355,0.008124138540639658
485,0.775690813957877,0.2988831421664915,-0.3056187873303172
486,1.1854208911885844,1.199253555529638,0.4122191137967604
487,1.7856354937750463,0.8329626647041967,1.252974507184165
488,1.7724676592995934,0.5099043341532158,-0.664880380621907
489,0.7621057190032716,3.071884312138282,0.5491297218126376
491,1.5090579316981976,0.0011445678422960857,0.27908260419779046
492,1.4408452385259516,1.130758987371509,-0.08256747131599529
493,0.6379003930351954,1.2190427329367348,0.9818284567703139
494,1.0473341936059248,1.359996740162735,0.8771070267354075
495,1.445443837110448,0.054681614087563044,1.1474593628792142
496,1.0151820575673853,0.9242979083974644,0.0736466758629131
497,1.12213562053001,1.8337615124523277,0.14245683808997764
498,0.7345674855871549,0.7447251764126803,0.48702997634123846
499,1.2861995049873653,0.6083869949776852,1.1012513069573393
500,1.20375141503862,1.2413328493739697,0.12799769461017246
501,0.9036747555108355,2.007188942341804,0.25814039584931753
502,1.4895108733733016,0.37997923703286257,0.1335574759353095
503,1.4304381031347344,2.41943115812418,1.0580716515241648
504,1.3075866517265406,0.5236308041374909,0.1085603308931064
505,1.6921584075775935,0.3876366498025484,0.21840301496187184
506,1.1998510586950317,0.15692142714723697,0.10259666402297175
507,1.6323318534389608,1.3823688518584023,1.043901236048751
508,1.0337094498830703,0.10337495665460875,1.0613711044051137
509,0.8666690837352369,0.39117146995496965,-0.87546567415266
510,1.0879077675034994,0.9362419023000668,-0.3275902480693417
511,1.4258692769207595,0.7745922451198598,-0.7237301371204308
512,0.6635472535534487,-0.02407273853460965,-0.01105897087473945
514,1.424295266345626,0.4439012800689105,-0.6626575310975149
515,1.508215400521176,1.314314344730713,3.7562590965622644
517,0.40124487008322707,1.003067876471489,1.2841037855032011
518,0.947135687254901,0.36656446698504963,0.2205116667267751
519,1.2144823383616452,0.7115159431250506,1.4585246951205812
520,0.21953967347078426,0.831060368707288,1.6967465275576505
522,0.727715765311822,0.11587252879401849,0.028894227685498177
523,1.2655111440875644,-0.9261921101121529,-1.6941927655108986
524,0.7521910302928463,0.7017353178206469,-0.017610060606033043
525,0.7427125378180193,1.5415840684334028,-0.1794215547849572
526,1.0528451888020796,0.8040643445599323,1.0045098197868279
527,1.1925166247252361,1.4537644573951995,0.9729434535645238
528,0.9948308310861222,2.111413171527033,-0.2654501849833541
529,1.5309465281301957,1.1989203056404343,1.4111517263500808
530,1.3027202189744778,2.8421655125870244,1.8981592851041387
531,1.5894847110165593,-0.20834210356583974,0.6070082397801824
532,0.9815855313555434,0.06172917034552986,1.0070392098792684
533,0.8038929830368851,0.31913205012672125,1.0625471792262184
534,1.0101944910225793,-0.24884082841841212,-0.4808451723211762
535,1.5817685416612657,0.06649051169826325,0.6361613458933559
536,0.5979434089101511,0.5736000645100253,1.072781662311779
537,0.814160502179095,1.3288684759279432,0.9040392150426724
538,1.1758816813910982,1.8266114703184677,-1.4153415855242992
539,0.8276815446332504,1.625376427821475,2.5601854286089925
540,1.6547271173874245,1.4327143347263047,0.65284891145992
542,0.9612568404732262,-0.5637581839101897,-0.37223707214025614
543,1.5101037451121875,2.135251428332676,1.6757630259627303
544,1.3680637662329305,-0.7719569309117986,1.2573503562074493
545,1.4140330861815145,0.5887594183722272,-1.4218145971646932
546,0.6539545742176344,0.20529546971622709,1.0658377882746826
547,0.8924754775890735,1.5263433750606599,0.9142856168563573
548,0.8997643613804486,2.232839830404841,0.9050772027447909
549,1.6680188780804936,2.931045416353967,0.07614733580548755
550,1.0824309241015837,3.0245696965518896,2.0012054092084473
551,1.1133687482270374,1.4347845769862815,-0.6316830880303053
552,0.8985932154476386,0.465291443359824,0.7529455654329753
553,1.1855789929616232,-0.6250947250504957,0.16134825525411173
554,1.094908393621964,1.8848685319385918,0.23418484119895572
556,0.7951102795833445,-0.17912430027996842,0.08784993528224459
557,1.0105580554315867,0.6520953376909379,0.19811671135866302
558,0.8108119355986102,0.20170408780559415,0.5685466244374922
559,1.2456282605806053,0.06490084624881741,1.187003629858803
560,0.5896029172558842,0.7187203348247999,2.407837934694499
561,1.5386926638092677,0.5088445637861463,-1.0238452954174906
562,0.9290723334237828,1.243663837738969,0.08923420657240938
563,1.0330274339549568,1.5423698407777047,0.3758291798250662
564,1.264030655113444,1.5988377084556245,1.4105669954676325
565,1.1581177786591583,0.6152135197375882,1.54873758104857
566,0.46421462231264066,1.226135875698385,1.8916482832863932
567,0.5101261571448339,0.27397081670955664,0.1653869854760348
568,0.8957528011369247,2.2536199197456566,1.9710242313760933
569,1.192946289540488,0.8308714465545602,0.33427789279793985
570,2.730668569101036,1.4199209495814487,2.026230466496694
571,0.5971953334614619,1.2988495174881436,2.3494087708744997
572,1.6701782775332412,2.1570541030863795,1.4808421421291007
573,0.872490514473951,0.0011328808773121105,-0.5491939917172438
574,0.9290456366111318,0.011002379767028447,1.3408434039134511
575,0.6546822226844418,1.2811869221377055,0.9427331660452122
576,1.7363291608526774,0.07989719782936464,0.37724924796973686
577,1.7043903581782618,0.1625175917923169,-0.5316822616767214
579,0.98413851914072,-0.366669520741875,-0.41228260874534
580,1.08517923608226,0.9356307358712389,0.6588794511394649
581,0.9900855539477121,1.9638021690070355,-0.6280781309758179
582,0.8914610554773524,1.3162067594219913,-0.31372435131224696
584,1.8307221604880122,0.2226948978301532,-0.021581121131612827
585,0.9227479950630963,0.8585265530190039,1.5702518902765326
587,1.0202073380658896,-0.20661413466787512,1.8945902936172578
588,1.809644479286223,1.420725806962841,1.5519928920813957
589,1.1529709299010966,-0.8577490949881503,0.7958009113523147
590,1.8125832254343015,1.1409922332137552,0.5596946646131856
591,0.8527752308785086,1.499067198452558,0.8587183493652563
592,0.7024599867810699,0.3789281858758563,-0.019910576094000022
593,1.4245199166181168,1.2916341600371968,-0.7720913136633668
594,0.9928786556338577,1.2038691674180926,0.9132537412240547
596,1.4330868853412722,0.8144513686369017,1.0360932206393225
598,0.5943548225025994,0.3381140505277409,-0.8884807040083699
599,1.4300347386158925,1.232936077397462,-2.1969188020212354
600,0.9728916301307104,1.0747304187718538,-0.9756550550316921
601,1.140760886165604,1.0844987494471185,-0.42859895396958514
603,0.5366801557842715,0.9401218127452997,0.2078361473285259
604,1.5182512960031818,2.768475378752106,1.7836244089749884
606,1.4109914812698234,0.015572871871769301,-0.5165568937119535
607,1.3571493753584183,0.6733751924269437,-0.7988526635616682
608,0.4032519690834396,0.08990542205785595,0.28407918767971
609,0.619276712192047,-0.22451620033248576,0.7651884548738336
610,1.099817235459133,0.19961700428436388,-1.1808122156783558
611,1.4055503501127098,0.6568876123163617,-1.0735965968747934
613,0.5571530915843784,0.6379778284672927,0.16577265151492168
614,0.9187451719477712,0.6412492266254523,0.6415386256290919
616,0.9328373925622817,1.0260831139212836,0.09658706458719904
617,1.0989295895773705,0.4561815385812919,-0.9101208807748639
619,1.3371267829382163,0.7940835319302869,-0.10243999457722307
620,0.9182669294636231,-0.2118831433993078,-0.54092616366840085
621,1.3634866618372274,1.0626739602347004,0.4565520327140862
622,0.21302479723484266,0.37364188291359607,0.8034312433587558
623,1.0307665197676674,0.26465651511301747,-1.0421725787540854
625,1.4467373732217867,0.03940607120889655,0.841893514699037
626,0.81107946785987906,3.0747986437463615,2.5745754630368713
627,0.4592009462935238,0.5936835238176474,1.073530784475542
629,1.7355408569328474,2.769231588318318,-0.029019508807240985
630,0.7877521294349814,2.0932533664268904,0.39845624276123864
631,0.5409657645770088,0.5097593163335838,0.6326734033829698
633,1.3143362383381318,-0.43980485551676896,-0.027667525117671513
634,0.9255554069726678,0.7437651829411945,1.3302948754480415
635,1.049741002229262,0.9663023949305947,1.517439478985886
636,0.6361214769556923,0.787592267355966,0.5502078794016003
637,0.9039174310503336,0.3058897967587851,-0.057727803792361865
638,0.9390494549630024,0.23317804991966612,0.8086471271848716
639,1.2226972139510437,0.962666308043141,0.26096244642474237
641,1.3428195286095534,0.7315880421012207,0.4527545780699579
642,0.43611119203859394,0.6573612972478742,0.15370782768203914
643,1.1693395728195843,-0.1409983751803852,0.44789795215060507
644,0.6232567632870947,0.0056011803998395745,0.47785868495043654
645,0.8737277548691319,0.7803834663167322,0.8942721269163195
646,1.4013525250750039,-0.3689339641357067,0.24125149913696703
647,0.7077797942696089,2.079866613069835,0.8090054346313376
648,1.0359897570274204,0.5426280010046667,0.6880427381187458
650,1.3785180881352994,0.20703677545189456,0.3744817874288489
651,0.9065711284177523,0.4189618673889901,0.17031420135963554
652,0.7295722947695276,1.0929466275924578,1.3270270205123078
654,1.1412790267543345,1.2186308212766424,1.5138412304755613
655,1.1219796323112659,0.8907118096946698,0.4005207052335381
656,1.169344594065644,0.22154785763654883,0.15080219804724107
657,1.3575568902096815,-0.1695942601615382,-0.9306529270117097
658,0.9896114952132936,0.836536778337588,-0.24516304493351143
660,1.1589121537243314,0.35613297953965495,0.1346210421632382
661,0.4924784254890009,0.3457907784959019,0.16787528553294134
662,0.9337894076842163,1.6412209209698676,0.32221801868136896
663,1.0029139654024213,-0.19908938530076725,-0.05751787921436402
664,0.893989678515433,0.9155486710243743,1.7196837904432032
665,1.498746477768412,-0.3797795196386122,0.3315519356561379
666,0.8527739785752845,1.050433671585561,1.1986759292167914
667,1.4116714228837584,0.14466093809950448,0.4191959352328622
668,0.8071998423069073,0.03883568579785993,0.32850952956679724
670,0.9024427729717441,1.5808104933550746,1.589647566228929
671,0.8206860874009164,0.8141538949627957,0.5621038694206203
673,1.571190201462601,0.5274909824085354,1.9866448317821421
674,0.5164780506879639,1.1263357611383014,-0.24842920988668374
675,1.0258456048295195,0.8481880239906687,-0.038298960858010454
676,0.8908185337936034,1.931538502604342,0.7064628026955053
677,0.8466577259335868,1.3291746571214886,0.7606530390844617
679,0.49624131083704265,1.2208229513277213,0.37925399848651237
681,0.4296377078851119,1.3678553080846692,0.8733623274380401
682,0.98391091878367,0.10382089287497805,-0.04242773440916945
684,1.436722167208844,2.153014415305437,0.8847282707010812
687,1.1057830928143066,-0.29620718845834393,-0.2203202758597726
688,0.93285517533642,0.7880614008641668,0.6120439360171663
689,1.2128776683501006,0.07274188294808968,-0.27680370389845366
690,1.0755787213729802,1.3886076902636957,1.4027968400143636
694,0.5031838393857697,0.09775101816870732,0.6338727998885437
696,0.9519754766343997,-0.9309035589820098,-0.8384346740568415
698,0.6041656670464084,-1.1945217767641492,-0.14374196841040382
703,0.2247532498285947,-0.5742699617879601,0.14292334512184768
704,0.6140948833465213,-1.1291470207889513,0.42797483225048893
705,0.4201883975330476,-0.5820387998047809,0.5173570658221668
706,0.478989285143583,-0.49453834604114905,1.4278330332444287
707,0.5951377317667341,-1.3648713618809725,0.316243510548381
708,0.6833830575790845,-0.555904065959109,-0.5863538318428434
709,0.3530439920426223,-0.5009628542626071,1.7006518989086263
714,0.9171959806328559,-0.3789184127888036,-0.1845727403171818
715,0.5897161183704867,-0.8071215730869761,0.8409808374972891
716,0.6948071759280503,-0.3961758120787326,1.0685778547046547
718,0.26136359054340236,-1.0877189909901641,0.5789702200790543
719,0.7092769004711543,-0.3652065481778865,0.6839648328789668
721,0.7296265379767553,-0.9162874027237567,0.6387990010320316
722,0.7862471913606929,-0.22047881709034933,0.5485442770633786
724,1.000341671689638,-0.04108574916792957,1.802075555393414
725,0.8467969780566353,-0.6751719010370824,-0.16624125404349213
727,0.5864114609279354,-0.396672486413591,0.32656194572104424
728,0.7673964355943111,0.4453511040938898,0.06938801323274135
730,1.1083681863571762,0.8249033840213269,-0.6960239309305584
731,1.6319470242564913,-0.34947276262889865,-1.3465095965421068
732,-0.06142624353293781,0.41310979603644377,-0.4527469244191734
733,0.7802467597403454,0.7526838409976243,0.23882787518871737
734,1.3314176922693328,1.9751412211838653,0.14768505021529066
735,0.7464154985782776,1.8973859895904532,-0.15905235967729384
736,0.6817716402421109,0.21806538336088171,0.1470564679841962
738,1.3052233908989792,0.834887087838585,-0.9494518039538165
739,0.8752370483573982,0.9640608839758287,-0.3533556137849324
740,0.7243891419942677,0.9624652521986075,1.3965029943404401
741,0.8121392657166441,0.9586534666146662,-2.1331858930279877
742,1.0963778554812167,0.8553613769975585,-1.3999922418993798
743,0.8908551980441344,-0.22133424794103457,1.0992449873688224
744,0.7370064812957687,1.1455480774485605,-1.8727158006375426
745,1.2951339067776575,1.7555102779265406,-1.6298141591636799
747,0.3065304421990415,0.8158764551815512,-0.3240393888705767
749,0.9277269900962438,1.6105933304887543,-1.0302248877034763
750,0.9499387407803376,0.7314845094295055,-0.4087266223532943
752,1.2523963557974775,2.3612978905242032,0.5942852097038348
753,0.7195044200998552,2.0473148590422707,-0.41154005445024955
754,0.7140868112234422,0.8971318590155881,0.9004810028100348
755,1.0286366224726964,1.552147144882333,-2.315687461649142
756,0.11916507810069242,1.2775507349401094,-0.3517735673246156
757,0.9382115509494479,1.281312450156726,0.16516429118214318
758,0.743717255800999,-0.6783948260769778,-2.7392962151120868
760,0.7010533803355112,0.7627345764753085,0.9590752825350094
764,0.778456634868255,1.5757301463137179,-0.21794684133226253
765,0.8315252260988231,0.3597717905995211,0.5434321919468872
766,0.24731732742191184,-0.956517898215398,-0.1197191579852212
767,1.0788573425323247,2.0714506247361304,-1.138696075483032
768,0.8800938077601426,0.08698223168823128,-3.4565387466081354
769,0.9097115614905342,0.19999604342369973,-2.3076010000100298
771,0.9632246844910156,0.8031846840172584,-1.9333474254307832
772,1.5425471164576032,-0.5047810394324328,-1.5196782020824868
773,0.5799598583844547,0.615872950246984,-0.08794214023623473
774,1.8145711233609436,3.3944650771589235,-2.686059803906667
775,1.1671423576695181,0.32639922136395577,-0.9531267052295521
776,1.0646299551614153,0.5873846701983823,-0.9890575723403806
778,0.6483339836206669,-0.131608040981327,-0.3065287943001637
779,0.924503993768,0.5384507331500641,-0.14418752575387542
780,1.0911935243290418,0.6636710406805439,-1.3893410660899104
781,1.2534570342620233,1.6432144854011022,-0.21010089564881793
782,0.7801747800632144,2.139909186082649,-1.3162361851773758
783,1.1619202322700186,0.15489461796622614,0.10601466662907334
784,1.2033267083252064,1.1376859617797654,-1.0293919429114629
785,1.1637361776195265,1.5333378784730851,-0.6553441084018338
786,0.9959846619816974,2.1075144476698733,-3.9723056747179846
787,0.6976767881482032,1.3842800426484656,0.027827786250094813
788,0.49153918875402564,0.07279396032950373,-0.5520224614300333
789,1.0871473742867355,1.0305617916341088,0.507577509157415
790,0.8959084932596544,0.19760471372467864,0.02244211701760026
791,0.7899530818370766,1.4573697245918538,-1.5792341899528572
792,0.9323220133452649,0.6775989024541579,-0.8078910470332519
793,1.422240249703972,0.12859377026533636,-1.1157372248841553
794,0.8827374612611336,1.1967575126846173,-2.0834892850936333
795,0.7650442635397758,0.5031033946211704,1.2047043805349966
798,1.357243727569711,1.1007114917987844,0.003068380225049554
799,0.47077211875912794,0.9925780092719969,1.0235287498859862
800,0.6576785759557792,1.1457844155682744,-0.0690712364453039
804,0.20616698704843717,1.4827245253250494,-1.2562444675710815
805,0.14591799474175715,0.008364919267267895,0.7939923666163744
806,0.5414257431117838,1.7395873200005465,0.9502255673215491
807,0.23458789701395158,0.778883199047893,-0.5784825214907433
808,0.5681106335762219,0.4909035589485495,-1.8014336730996479
810,1.3661545340065295,2.9901463078038852,-1.807354353461279
812,1.3864340248368292,0.608442292796328,0.6788160365146227
813,1.5590301104152686,1.0288956993430483,-2.412862470880475
814,0.6620078412549919,1.1883570828942984,-0.2782595616234983
815,0.45294229856185353,1.4670044666096038,0.8032331313087699
817,1.1177957116662274,1.7036354094502524,-1.1675788607831885
820,0.12043185611192707,1.0602435306107738,-0.8456964975694216
821,0.2219817547517556,1.2450860445492815,-0.1435100041735924
822,1.605133516107904,1.7354994484391404,-1.5026488292918463
823,1.8536229693995088,0.9147941684864047,2.7700903665657743
824,1.356622219954137,0.047052189125401954,2.602437944777362
825,0.715321697666764,1.6116466524775381,0.695197618358516
827,0.944897414249563,0.04783761270860493,-0.6030182356591512
828,0.25608683618087275,0.7622131351603532,0.13444529591173757
829,0.6959038459049454,-0.3851427720182693,-1.2923488213965053
830,0.5397997687263287,0.41732750927137424,-0.15386619220307576
832,0.8275565560469754,1.5711958926288887,-1.6889960898027032
833,1.7485559024281536,0.7793456406629028,-2.1671009781369297
836,0.9794719469348346,0.8217088070666559,-0.9613782815381154
837,1.1569203082141335,3.3215189708625403,1.1060362111674154
838,1.280344939502637,0.6305081769053638,-1.5712144337783214
840,1.0278574992715366,2.278959310142821,-1.1436798957642915
841,0.9959379642200304,1.2489411104037131,1.0586725175872642
842,0.6341847205921081,-0.06445334165846536,-1.2523212676336646
843,0.4997736692977766,-0.7268694474356076,-0.27665001171541875
847,1.1714234692652115,0.1438872540634918,0.32109333948124574
848,1.1146614197928812,0.41499715424205696,-0.7637878332631014
849,0.719714772401589,1.9795039712456053,0.5130801685385963
851,0.732646896915854,0.472408657370377,-0.8795101064810783
853,1.955478932244475,1.417247996890281,-1.3965353604515782
856,0.3469366746977393,0.46638769216967224,1.1413576928568308
857,0.8554948852860592,0.19225119957628556,-0.198422874208019
859,1.430305232343383,1.5151621898722591,-0.8165797806865686
860,1.3382166370947552,2.5853417891259642,0.2940588417340807
861,0.6140786724741301,0.5581710503442052,-0.05823365796582045
862,1.2544053848105239,0.7185037672018265,0.40665371152195623
863,1.7150967004562536,2.870231917520887,-2.6613852964588465
864,1.86607469434741,1.1720378940612695,-2.8539025739946227
865,0.9655526908902866,-0.8032014728639019,0.3455641176344597
867,1.1456499817975865,0.45026885791808596,-1.5779994160919553
868,0.8240796364215935,1.3331419798257167,-0.387339354276476
869,0.584950812956397,0.2330888857013538,0.1585499203172308
870,1.5864181110054816,0.9825397163699553,-1.3327029801137604
871,0.5761760918837756,-0.3142845443246044,-1.1901129351831534
872,0.7219839522432198,-0.6465754094772556,-0.26978648142743294
873,0.4714152572837065,1.5996415765322012,-0.2800231182430143
874,0.7695684401783528,0.6379125037693111,-0.9247367973394265
875,1.1563857491394427,1.8824862862338654,-0.7026936540631982
876,0.5057983979318782,0.24748139996284696,-0.7505920498570933
877,0.7706152857659516,-0.41379478466012753,-0.12041927737366935
878,1.0279045675613525,1.8185086812023834,0.05242134674520334
879,0.9915746768842207,0.16329556283478366,-0.8617983799786041
880,1.2354531762192542,2.2068243684004276,0.22353471312665862
881,0.9197025117240778,-0.18579259362739653,-1.9735500941736832
882,0.7962830782467103,0.7237092640227181,-0.17529166988032122
883,0.6547706495100903,0.9569038431329558,0.6087498224435424
884,0.979671375688167,-0.394888146913283,-1.3490163313419294
885,0.41556114825890095,0.9233628323011001,-1.2905797787360056
887,0.9618173732972238,1.1062649189648028,-1.7111901076831508
888,0.619985299141197,2.4222586632893552,-2.953327799443489
889,0.6259435723764257,0.4526890755619362,-1.810911643748638
890,1.5381405752505164,1.2381468909215847,-1.4493786619217104
891,1.1720190480917767,2.3599350772376293,0.7552400709562227
892,1.4579358458609797,0.45788399412969205,-1.201230441071113
893,0.607970824720212,-0.524063780113668,0.49968558753372166
894,0.572854340270378,0.84693553859276,0.7346816495797371
895,0.8028097031991611,0.4119650719371392,-1.0828622465843862
896,0.9395038634906886,-0.5550397337241897,-0.4165114750596763
897,0.5214151248172774,0.4619288119598112,0.0518011228524732
898,0.23915841931071347,1.4206969051472245,1.3981412720416713
899,0.6208117884091585,0.3254241073790794,0.7716472243740286
900,1.3819853698130775,1.5312698634513688,-3.253020748007409
901,1.0809172209511206,1.7562324865551464,-0.6995354524495848
903,0.6357230735948758,1.2136488743235452,0.8021579234529466
904,0.8844023486297931,0.3145256191186593,-1.4484823231272088
905,0.13145211651417907,0.7523213317413755,0.35743771723356066
906,0.8371795557769187,1.5041981600962204,-1.7484764812035338
907,0.9818865886976065,0.3459734666237694,-0.9811670046108795
908,0.8097948225947051,1.913805750275342,0.7034171783656268
910,1.4158708258709065,1.0081152000612636,-0.038813513021273456
911,0.5297998387522241,0.7697408858697726,0.6339812909670011
912,0.2830050882279487,0.6975752418962036,0.5232796313128047
913,1.6174957925741333,1.0690643639619517,-2.346417853377169
914,1.9706436951254207,0.025801827800717946,-2.171530841123398
915,2.1835119754619132,0.6896517958132475,0.9392699029240301
917,0.7372023554190811,0.5433470894622782,-0.33326167492454917
919,1.1288261656883667,0.27425337927485266,-1.5510938367104508
920,1.0493933831028137,0.3188097745528158,-0.13097788568019436
921,1.1367811400432293,-0.38825796611256397,-3.3340198770751592
923,0.9953143548368957,3.596952140106282,1.3387191090131565
924,0.4249204791944866,-0.27243138198076694,-1.3872085940592767
925,1.884574839609534,1.4576726156752522,-1.0523579886731942
926,0.5100062763125176,1.119247261276261,-0.057667551724704
927,0.733698749220276,1.9139889914020751,-1.5168052840187884
929,1.3073093720808773,1.6175656042147586,-3.286722115838377
930,1.7406228440970135,1.241665448453835,0.4957935959958643
931,1.3575030920651492,1.3042832567737672,-0.21044546220993582
932,0.5752040192196467,-0.25450729286623697,-0.4077584195496527
933,1.1340468110139912,0.4723244876701808,-0.3629415838232405
934,0.6455142700079883,1.6475514111592593,0.15951032105762045
936,0.7509361279520851,1.3889550183045198,0.06453766665951031
938,1.5084630694949164,0.695437533457163,0.14877855335956272
940,0.40423678124784324,-0.11914627792161347,0.4101866286702253
941,1.586310858471549,0.5245177205254042,-3.300044096233593
942,0.6014080927625233,0.16928617401393187,-0.20251940917293845
943,0.9954267460841817,0.2411797406492825,-0.8500811327444909
944,2.101339864703202,3.5424480628136683,-0.8806467759594402
945,0.85288358160229,0.397244431019839,0.8649802907015444
946,0.890116695210588,-0.39648469622334803,-1.2619948011333324
947,1.7941978788904358,1.546308517391367,-3.081427430021872
948,0.8260840438749925,0.26344509139764477,-1.629387865135804
949,0.2937133437243687,2.8222556859550436,0.31290157400605323
950,1.8648590304372596,2.7364252641479827,-2.928043032548412
951,1.1562833414251925,1.319839761204539,-1.378550182235935
952,1.1091563411246974,2.115014234853305,-0.3858957176366717
953,1.111537686916376,2.1798591655731188,-0.8152570919160604
955,1.4723882910298949,1.3507908753015199,-0.22225419893654202
956,0.8683357672595843,1.5775643250954936,-0.5545957681841975
958,0.831809215687453,0.879638979233019,0.24287449719837118
959,1.099008433847187,1.2010571600495106,-0.22304803965312991
960,0.7614164013883628,1.7389921290203985,-0.1862353188368638
961,0.34635632599180355,0.03374023522135498,-1.8688857859615153
962,1.812205762350243,2.6468019497904645,-2.3930744564113438
963,1.306786595242702,0.27509500850465235,0.18444320390022784
964,0.9665155537407122,1.443968449970984,-1.9363509410100952
965,1.1121491175983875,0.7912666377265467,-2.0273375549879558
966,0.4157852357298828,-0.4535108655686645,-2.235592098806971
967,0.9465379412846422,1.1632884972039463e-4,-2.84054558625823
968,1.102388521991716,2.024217489714826,-0.39568396106678755
969,0.4959748363478967,2.4581657466686897,-1.8808806820079658
970,1.2177431692920595,0.47770129921157156,1.3242756896719492
971,1.686343805404479,3.1230766503422895,-3.05829079620622
972,0.9597329219165246,1.8182747335669158,0.4438297937384097
973,1.3809542701354034,0.2297734336912432,-1.0889516887506394
975,0.7810890891688782,-0.21009331975266643,-1.9708138285307166
976,1.3356558916628614,1.0383531069551297,-0.3421289238312365
977,1.0112509891292998,1.505898224540458,0.1006651098582933
978,0.5922967838652227,-0.08221184341475415,-1.494079380179104
980,0.45049940860237814,-0.1821915789865916,-0.6986975306959419
981,1.024410443504692,1.503437955469859,0.097564368159071
982,0.6003465959059591,3.498932991193512,-2.176961069177142
983,0.6629607660429413,0.5102207332440405,0.40210399323490403
984,0.9111109814636941,0.6068754450812545,-0.5470255056995873
985,0.7215240021755626,1.867211978892027,-0.19284131851405145
986,1.1371688976870977,0.5002037378215539,0.49585025853072834
987,0.19173738329400325,-0.7461287193223274,-0.26671047471454246
988,0.8461719201229148,-0.49983282996165174,-1.232652390694654
989,0.8300252588184115,0.046128882958970885,-0.9120018032678165
990,1.147118992539472,-0.14124720754692233,0.055939751582355486
991,0.6286695336866063,0.04074370727083864,-2.389144770712633
992,1.2158947924589782,0.04963623030642774,-0.5414793207318032
993,0.9720078132339282,0.8650927902585032,0.3961456981659444
994,1.1636101757576167,-0.26099666522073134,-1.0915091769788063
996,0.7613402893216299,-0.0744132669275383,-0.7850558253731184
997,0.7819273820351756,1.69958393572318,-0.021249842567416306
998,1.0807124533666044,1.0094935695749405,0.24525925485844643
999,0.9775074011773373,0.5588084120690373,-0.4446799909771675
1000,1.129612050811948,1.0664005314351757,0.6261458320183035
1001,0.9924060296147639,-0.6406522464553974,-1.996025193701726
1002,1.2381211926556108,0.5478380491643683,2.5008458952307953
1003,0.646103019701622,1.2681406625860416,0.16574642903187772
1005,-0.03872827864566337,0.5918458861521515,1.332488267867284
1006,1.5662893791354788,0.46642184933005026,-1.0861646880157
1007,0.7961368523859563,0.028796720259889462,0.788147767701453
1008,1.1707922782784677,1.302241353129126,0.594156849057633
1010,1.012887109568016,-0.32121054426139295,-0.2897463084327122
1011,1.5562811468347117,-1.515219951762307,-1.5200124613931116
1012,0.7132323581173103,0.29311799394518184,0.4465915684664029
1014,1.1727446771412076,0.4946005476788601,0.4806237166590557
1015,0.01344140143570194,0.5677124320954885,-0.2474823791660567
1016,0.97197442592305,0.8551033216799482,-0.0106845714290824
1017,-0.2074892104097172,1.1995708674804313,1.000182291651467
1018,0.2475973298680788,0.34304303501816774,-0.6431019134431509
1019,0.7478263615290033,0.21178874814307555,-0.021239931335406127
1021,0.9002259739672981,0.3941580925968101,0.8273501653308792
1022,0.5700722129485549,0.4377597630747224,-0.7898809392211378
1023,0.9298232225495844,-0.4075765351257518,-0.9296718815556352
1024,1.2299582604961325,1.472787992933571,-0.729143847827729
1025,0.5900438784472207,-0.0077932038839923735,-0.22085630888308885
1027,1.2017937823249603,0.5917378436047976,2.0091019487399318
1028,0.5324983136022999,-0.5028248027187012,-1.450277646223818
1029,0.9415773026408535,0.46839675555746646,0.17853415425158872
1030,1.4823795719867399,1.6124060827296594,-1.7470444117151829
1031,0.788628146642383,0.0875113275219516,-1.293951429100224
1032,1.1102395855947789,1.4205650198756719,0.43203054768991794
1033,0.9978355670250177,-0.2301163865607493,0.2284341915217341
1034,1.0567895817293071,1.2641899159720873,0.5225221997892104
1035,1.0558125852946456,1.2030368599116597,-2.0256295991543274
1036,1.1392219565891937,1.1017028060757235,0.8912605844461667
1037,0.9311741692057391,1.4020041884103234,0.5130863437265535
1038,-0.06013779342272679,0.5092432328183119,0.384190261631639
1039,0.5659494311216966,0.6719134758814375,1.381524604718649
1040,1.0824558922795617,1.1693291965970052,-3.1218561615203786
1041,1.5147101888418086,-0.8260743291028201,-1.6345274438326953
1042,1.2250846826183115,0.5804949999059987,-1.5348564699999054
1044,0.9904292457424524,0.935766134496712,0.5280696148858072
1045,1.1649861286497818,-0.5680694801459181,-1.0656115579877574
1046,0.7370033810941975,-0.387218833262584,-0.6404716854061067
1047,1.0941990477352463,0.8450972503373708,0.2523877818474643
1048,0.9971888567288297,0.24113549298841744,0.03325759173956323
1049,1.0204038727150204,0.22924429164709548,-0.5087140623841653
1050,0.46894055997396894,0.7011859220401656,-0.8948359114170749
1051,0.9422926690957466,1.4124997697719273,1.020951956587312
1052,0.8522596736126403,1.4254812662729972,-0.5392163859136478
1054,0.35278568680146644,-0.49455274141198124,0.3683177763666791
1055,1.084516054804694,0.48066114683563416,-2.34478768328673
1057,1.036710267328743,-0.5755303776754933,-0.7532800681231241
1059,0.7796322740313721,0.038544742849506305,-0.3379144389031196
1060,0.23851283188988479,-0.11432370021363114,-1.1576641370769152
1061,1.6100624655247755,-0.060828007250389456,-1.6417507563104334
1062,0.9442877037549244,0.9094797333218035,0.8374692108355669
1064,0.9863760362218204,0.29729099487120675,-0.3965621252393316
1066,1.2335031697732586,0.6379969381909437,0.11505412564517517
1067,0.579149520607118,0.2904950955711429,1.4835532167211014
1068,0.8459792650795657,1.150444789788554,0.47310363968117825
1069,0.846094311644616,1.3606279863217106,1.064153660234634
1070,1.1177468617092234,1.2516790350302844,1.022733955217683
1071,1.5923701017561056,1.2098024243648198,1.205118571045369
1073,1.137451297966304,1.399717565450955,0.00318057544952938
1074,1.6135160065626046,-0.17598967878712665,0.005924141291623407
1075,0.9954856494668484,-0.6145727082968829,0.23916805278054273
1076,1.7477125653551018,0.6636160788517892,1.0737232674791033
1078,0.8961941451349132,0.586103415199515,-0.31446155110262325
1079,0.5455203955586264,0.9684762290786723,1.0577466249138523
1080,1.4610461759899938,-0.8040522208991997,-0.402453405602637
1081,1.317896731889429,0.5169253749941017,1.1046176285223606
1082,0.30261178118287313,2.4338063334657507,2.234271071520278
1083,1.0808887282031867,0.7917051351277733,1.3119013924407361
1084,0.5506038476100601,0.7919139024938298,0.30919149680074237
1085,0.8618228844266222,0.20918384346026359,0.10676265774438311
1087,1.044526159289769,0.19238327362968513,-0.28842321737657234
1089,1.4621808976508022,2.334568538543689,-0.4372114816838342
1090,0.9452562350508327,0.40308913003117564,-0.3197535911736599
1092,1.290861170138744,1.2647487331566163,-0.33313485133468346
1093,0.6616151625726864,0.4284530476384785,1.0063334155341774
1095,0.9387064434303498,1.5729669832001338,1.2837535524841497
1096,1.1771439610221635,0.7468867468860284,0.9406992125130655
1097,0.7357423344870702,1.0125537885416158,-0.05930408968769328
1098,1.0808707082317242,1.0039234787213944,0.8171490264489549
1100,1.1408080294652627,0.790151396976518,1.134157530981138
1101,0.7852370711706534,1.0576423003133317,0.7597927948974645
1103,1.2285489474596218,1.1997648213543952,-0.34557898956380717
1104,1.3231776500747754,0.08419918479270282,0.31198760094340056
1105,0.7100724027662457,1.1373605339803718,0.4651811618061135
1106,1.035100253413246,1.4934046563502015,0.3074752445513681
1107,0.6121617977857672,1.7063535366786982,0.48226390798040264
1108,1.023217875937795,1.3641189029494416,1.0194541693143688
1109,0.5972611856718094,0.705262995866277,-0.1277030897878644
1110,0.8706148100009237,2.007604603219224,1.6590802064747225
1112,0.5105529511777859,0.21131664763187039,1.0865265828693333
1113,0.916545224441124,1.3263974993156826,0.32784036385269316
1115,0.8839700928976438,1.5613324267711866,0.7666241602560369
1117,1.124403917909347,0.644443473965693,1.1366266780157372
1118,1.2624673627380996,0.3462848569446416,-0.688621212281312
1119,0.5735326964311034,2.6552803512143854,2.6533128415698104
1120,0.34371950455616296,0.8683325678680831,0.7823162057026005
1121,1.0356705112333509,-0.0743913163389843,-0.24340731618057432
1123,1.0395991450746804,-0.25623345589712127,0.6065167594715498
1124,1.1849049282057302,0.4108349572364472,0.14645288193355097
1127,0.7766225406507009,0.8240062144895975,1.2223088424954784
1128,1.3178964646303901,0.996104245204259,0.44173255048611887
1129,0.6843626958863137,1.1560911869845851,0.23354296431610366
1131,1.3868328298942891,0.7782088608173242,1.1593232846536512
1132,1.401964429876336,1.7368884765158812,1.3785703500891402
1134,1.5724099234092166,0.260383633946975,0.9586851546535069
1135,1.6757122233898638,2.486920318936764,0.4599497953431462
1136,0.9134263323271781,0.4517799246310835,-0.08174369142775308
1137,1.3795539432426076,1.3039327852229368,1.4836512343216064
1138,0.9663883796769752,0.5197156427887424,0.2001114693824238
1139,0.5397297356800033,0.4006319917188996,1.0532378603906956
1140,1.4311766764744351,0.30713918191953654,0.8882082847807239
1141,0.6455873580913115,1.504355167391428,0.7278513492331123
1143,0.7927582459973727,-0.9267705323450083,0.6756275172585768
1144,0.67104032583873785,0.4185470572211356,-0.5978726618127738
1145,0.9326502978124592,1.1309123765493045,1.00295548383494
1146,1.3045400710847037,0.6205630513698813,-0.16400043777045126
1147,1.0023698912201393,-0.5236872993516022,0.9205823820727328
1148,0.68590760544069,-0.07666568626726515,-0.29895526564382735
1149,0.48457020942605544,0.5687099861951972,1.2821852948274397
1150,1.125977484633902,0.7824438174938444,0.004867172761450813
1152,1.0488866618122743,-0.2341143011945722,0.777009770549724
1153,0.9869295660473734,0.48043508951744596,0.7332839659128272
1156,1.4470818959294016,1.069124508999612,0.2996890985101363
1157,0.5805025051829849,1.539111724690003,0.5242115172734902
1158,0.6438232874509591,-0.2230181989804289,1.279746351701829
1159,1.3629211544558582,-0.7488917217068206,-0.24436256284730237
1160,0.4133806336748304,0.7194320877240586,1.6769413313226829
1161,1.259281532983866,1.2163715943930218,1.1677528698270285
1162,0.7719721785693601,-0.2422521275944068,-0.2192324765667435
1164,0.2871642049532927,0.6449554565474418,1.2680265658429124
1165,0.49280091685750704,1.2029897183938358,1.3948093349943291
1166,0.6683700445302875,1.9230038402131808,0.5164901284236278
1167,0.9307670593929177,0.3923413252513522,1.0923533557282463
1168,1.509850079324454,2.6495233343159734,0.961160217886897
1169,0.8124663367294712,2.1931584817956344,1.8019831398868211
1171,0.8948622104799809,0.8171468566438517,1.0531480130480577
1172,1.0724088006632906,0.2663600122541218,0.6542985002277095
1173,1.2016084611230293,1.5273170806461862,-0.7007010250837288
1174,0.8367836391717427,1.4694305782176795,0.6897200836382221
1175,0.605267109975935,2.3488688394632633,0.45174563738365886
1176,1.112389765182462,1.3652932523765204,0.5882891095147481
1177,1.299387168098963,1.9405871073681364,1.2268764518660735
1178,0.9758389037186688,1.0573452419846812,0.8704782660295713
1179,0.869830105365527,2.782280945506513,1.3274625048293545
1180,1.0223410396580344,1.5857112305301218,-0.21183324130034237
1181,1.4797687406434958,0.7164691061280185,0.72908265365429
1182,0.8274385456084108,1.0593615775623437,1.8023155134516962
1183,0.5910006366311088,1.2883508541276434,0.6060297770369315
1184,1.4885552861087812,0.6985229080618642,0.014937349166878658
1185,0.5540525284365245,1.119929893109913,0.6669943199473334
1186,1.088397978909373,0.4975807213130688,1.0313225844558913
1187,1.132934414623941,0.34053341200170245,0.12011911145350085
1188,1.2880006436385998,0.6098831732620219,0.48918747669497814
1189,0.8877320012636627,3.6440332933828117,2.4207112981092056
1190,0.3084812221256272,1.7172566066245059,0.8962942164742692
1192,0.7057143548900116,1.147434327443179,0.41042474097513437
1193,1.0144947670944626,1.1093696336516532,0.07577423531444624
1195,0.8368420149920865,0.6450653555208313,-0.07542971932729654
1197,1.175139966430251,0.6814425154804286,1.0965866444311072
1198,0.9120967531606202,1.7317160143901413,0.8946355637297458
1199,0.6400053546591249,0.8778100709154363,0.32275679517981914
1201,1.2070545936974146,0.7463503372286284,1.0292165645317615
1202,2.138319426094263,1.5536400427143542,1.928530701737743
1203,1.3807844348347782,-0.14517018601221207,0.5629674718327984
1204,0.7769075401595318,0.8533538086915692,0.17344358646244792
1205,0.8364836935175124,0.07238505448342689,0.3000460001003333
1206,1.1264461741098937,1.3038226160095205,0.10913526432095232
1207,1.8349372433922677,0.9954614768843332,0.3386915244248498
1208,0.9819279464564661,1.4872501694241358,1.1948488284365757
1209,0.6363633512110408,2.3048939064542515,1.8055273891075816
1210,1.2606997922344285,0.45869372622578164,0.34449695615933423
1211,1.2276919785919465,-0.5373787775977108,0.5120457989234456
1212,1.3043559280269936,0.2206226606571228,1.3098861464906504
1213,1.1719879933565815,0.13538202798881308,-0.23276413157521106
1214,1.4135903280292856,0.71675192084908,0.47932029882849647
1215,0.47631356280017456,0.33848544294526295,-0.745171818056844
1216,0.3756244571542231,0.49806963089850115,0.5076111456401238
1217,1.5746265708542095,0.2732969355873507,0.6119637201849083
1218,1.0345824473653622,0.7712203112225894,-0.0019250943538012654
1219,1.0683847004748033,2.8225575256861943,-0.3205321199294195
1220,0.8918216618225155,1.0934425649736168,0.5131759918295042
1221,1.0787134093692885,0.7007668603198867,1.081508151448122
1222,0.5221750832163684,1.196582071384791,0.1896302417186095
1223,2.1307806935917473,1.5732421973494595,-2.9083897350843286
1224,1.4272352437868252,-0.0716351743164345,1.1546659602811058
1225,0.7577789911052101,0.8842634883422543,2.653430804716782
1226,0.7499266673762627,-0.5326191863374995,-1.159756561983826
1227,1.0624127208104546,0.4308631922455561,0.8209988244988351
1228,0.6944374791465532,4.165427804961233,1.3137789359816783
1230,1.7506788675456142,1.5329768733423044,-0.3627691563779978
1234,1.8924451741596098,2.956121878888847,1.1007623251434246
1235,0.9569384349079071,-1.5017090666160844,0.07896138097116495
1236,1.332668414556538,0.5506638686145742,0.49276429400171506
1237,0.978854538050478,-0.19867181235080708,0.7073381566006155
1238,1.0539967354341433,3.0536374967151954,1.9438889042765706
1239,0.9887144588862631,0.3646992639599804,0.9431550704642491
1240,0.9222728360121218,3.4854324942272545,1.9556590206733422
1241,0.7664954979307711,-0.15562347163716891,-2.5913732870390334
1242,0.513678893299856,1.2720543030187523,3.5481202206989737
1244,0.9214196615189757,-0.21547394866772976,-0.424380695274337
1245,0.7547312509350622,1.1892263906253835,1.5159901723119076
1247,1.6267573202361019,1.0178760019898958,0.7510210316743179
1248,0.5595064808785204,-0.46748956676481385,-1.8481214435870248
1249,1.3329838221630488,-0.4228190987310893,-0.6094400998685682
1250,1.9585032390211965,1.6229936372370375,-0.5528206263727962
1251,1.5524091031993112,1.84979814107866,1.0055336907459018
1252,0.5622132301484709,0.7724524727609687,1.3972920114347331
1253,0.9188201409246449,0.19194187266418938,0.43221643724082354
1254,1.4958024854260723,0.32973940009013625,-1.1858330219025666
1255,0.2977990750306217,0.6688263524617417,-0.22023956603758682
1256,1.5315133071192852,-0.1848483926419426,-0.06209473072486769
1257,1.1852586943276786,0.2046269497491568,-0.20744417028079012
1258,1.149930008713392,-0.15595126126706355,0.6078822083539841
1259,0.2574542181481868,0.44937693232491616,-0.6269637936993939
1260,0.9710414301615569,0.24577152247653788,0.2766693393659741
1261,1.117138284406359,1.198875832073116,1.1983235543505084
1262,1.8483084754225936,0.6816065837680788,0.46570266752747796
1263,1.0250293681301503,0.6700969285639949,0.9620188360018832
1264,0.8194028586130672,1.1188203787576774,-2.813730480989309
1265,0.6697175333002312,0.8797402655591167,0.30883369968949564
1266,2.0675236963709787,0.555890143802572,-0.6421749369469125
1267,0.6065330981127273,-0.5879876217409661,-1.8399420193099023
1268,0.977635961747335,1.153375354434855,1.7845945594315256
1269,1.1781152928499894,0.6151598517723802,1.2261890877537647
1271,1.5177852349579164,2.7065567464537867,1.4855811023336338
1272,0.8101426920851722,1.0586786290675583,1.1791671599694096
1274,0.7974002121221989,2.1675444978690974,0.3171633474075452
1276,1.0974829012354965,1.7615978249186546,1.8457910268811635
1277,1.2125062281845806,0.45808098793059104,0.3448939048023628
1278,1.5315298678115747,0.7289466910332341,1.41226709499008
1279,1.0142370360376374,1.691892086379,0.7599420108353224
1280,1.7946736049811443,1.120489918472183,0.747845159446683
1281,1.1350084910698064,1.0032627536343177,1.0184761081461362
1282,0.8782696757794801,1.6040694602083234,1.9712720681424671
1283,1.089517989544003,-0.6891100046524553,-0.7056422773647298
1284,0.7314106613646134,-0.12738977211751362,-0.5445503176127628
1285,0.44234982237371495,1.8492285091735872,2.3033359096022674
1286,1.9515595556690726,0.46921288197584987,0.5619111692657809
1287,0.7866341151114318,0.4370857234915167,0.06143928882308432
1289,0.6751430549326294,0.968427712248098,-0.6544807853750069
1290,0.8275106217468549,1.5848764864000435,1.0324594827516258
1291,0.9208420200433779,1.1584503485136355,-0.0218891005045559
1292,1.1810578272238406,-0.09343605456146628,0.8265988019802265
1293,0.7777509766946935,-0.7940856622632778,-0.8021243232799401
1294,1.361778539382932,1.5405445346524798,1.4622116534486855
1295,0.5181253967537218,1.6035435864542702,1.9670820807448914
1296,1.2431020556113022,1.1895627765862387,0.7416421733157146
1297,1.2732747902225936,1.8335762252457597,0.654361728110235
1298,1.5200826482183147,0.7102912024919761,0.15936173131399214
1299,0.8135453041232966,0.7237136918670657,0.4665540843685909
1300,1.2955212605215034,1.2734051638888626,0.9460585026286501
1301,0.7507433822947394,0.07421227276120028,-0.8216198131136703
1302,1.050853766873056,0.05720679872661019,-0.6471818246008799
1303,1.5834391875963978,0.8250490020262375,-0.10357897542827603
1304,1.8633563613694715,0.791386314620246,0.5714610174202752
1305,0.6052619580290278,1.2525306327902892,0.7045353912679205
1306,1.3324100040541542,0.057991496918143176,0.4919456308924032
1308,1.2115547528017325,-0.31695835208053413,-0.8231767200743364
1309,0.39909095024621677,0.5059189578543785,-0.18855188821152136
1311,1.6406766314989232,0.8831793109242642,2.3419491286308394
1312,1.5363795708832977,1.8302275144618327,1.7958094020963369
1313,1.1304296054704297,-0.09455445032045044,0.29974648422670125
1314,1.2321247850035715,1.7608604906138716,-0.025047092416583854
1315,1.354482572904867,1.0821190005318,0.5351671083938395
1316,1.5390572572811787,-0.4421137168567304,0.1709630082552504
1317,1.0098759851221715,1.2020520619309953,1.0634928162727533
1318,1.456941813531312,0.6153158070166422,1.0592689529045274
1319,0.7763760895362796,2.087807192802544,1.3448377318319236
1320,1.0993930412993613,-0.20087777095245266,-0.6184699860625618
1321,1.5834572649832301,0.6905005185817409,-0.2485122392894563
1322,1.5952702996581487,0.47828743055477413,1.3649420701206592
1324,0.9859168041089564,-0.44392812357736683,0.16639618163801584
1325,1.154139269679438,0.16469411127647754,1.1000182922582085
1326,1.3578520230353037,0.7908262359357457,0.6225296781305967
1327,0.894872456382317,1.5063673384832503,0.8264921840484186
1328,1.4394126062151267,-0.20810861022657282,0.1346953847161334
1329,1.4534795840377752,-0.5753928618312447,-1.2571702598065135
1330,1.1379583215761404,2.4466873222364276,-0.32028870053324543
1332,1.8722122256962768,1.0992867792814687,0.4643336120956369
1334,0.5658361081682232,1.6434497980731297,3.723815055600112
1335,0.8129171459638793,0.4207771529001063,-0.8725281000129956
1336,0.9604233492328592,0.10581287631376557,0.03131499162491662
1337,1.2619406143525458,2.7869224651479385,-0.883696239874215
1338,1.1822550613435843,-0.9949234537635803,0.05803509430962612
1339,0.55992766442327,0.4049989443165464,1.4836926551636862
1340,1.1273923767167127,0.652212059474044,0.9324256779160842
1341,1.2515518505913237,-0.20812869798807446,-1.0329601473369576
1342,1.1012494778802235,0.23752931203375102,-0.09754901637474354
1343,1.2366720892702951,1.3753969205007521,-0.06755234471680782
1344,1.2896103302485673,0.14341746780363937,-0.06667822728338028
1345,1.8588989941294407,1.496123051584316,2.5015269054315836
1346,1.6530969122858896,1.3542620871918003,1.0263982021964912
1347,1.2306252136168385,0.6223558639268837,0.8858787129154024
1348,1.2416244841367179,0.5757956917222266,0.8148628107216638
1349,0.8687031740547122,1.621337685702907,0.8615453245499264
1350,1.7358491225392263,0.7359199780675779,-0.14239440464482656
1351,1.073620514395124,1.5753276184199236,0.7375664424286311
1352,1.4461276821233855,-0.565008157859429,1.2371594798533394
1353,1.3883538867501264,0.5613052335774632,0.37965133114536737
1354,0.4929058921016492,0.1075063524875679,0.32632802809555334
1355,1.006892360282094,0.5015623871960441,0.38974456453341816
1356,1.133452711327637,0.435292711260426,0.37356784951226885
1357,1.224532461138167,2.2757379249603367,2.4381148994006008
1358,1.744272182734001,0.897545528536475,1.265628855417179
1359,1.3708476014074686,-0.12041705369406479,-0.5113515174131296
1360,0.6351180984021523,-0.0932630977218328,0.3672153716965391
1361,0.7940956575203797,1.8777702080951566,0.9842130477835195
1362,1.0074375429167097,-0.17204863382805874,0.5875802655360965
1363,1.5653844487566264,0.046166318418016675,-1.2919216239216604
1365,0.5757075820434916,2.9689863831296055,1.7312225459361688
1368,0.6092688144178496,2.1551468765310062,0.6329157714223208
1369,1.8617678479977786,0.6921881997777536,0.2489466239142544
1370,1.1679196674621992,-0.1572006678984163,-0.04336418874479381
1372,1.265927343941097,1.5558581790991513,1.0738893265641287
1373,0.8646755546569904,-0.23678806674267253,-0.8853686583105027
1374,1.1136473292468123,-0.3193107619150755,-1.5211669207578833
1375,0.9765890969449762,0.4437946928818119,-0.02697947230064407
1376,2.2963885441079985,1.2067932362088132,0.2277415385849877
1379,0.6122174666372809,0.9162215703114069,1.293882105532959
1382,1.4176683424968102,0.5088138430834548,0.5031342205481713
1383,1.5037715867311774,0.7890757181802088,0.451010780307722
1384,1.4612720511164297,1.205815990417011,0.6373129095809961
1385,0.4150279752233705,1.148640863350384,0.7416302504801121
1387,1.1279679941399519,0.4525490212245979,-1.2017361954478116
1388,1.4420145221368816,0.19274221792612867,0.23753994991672536
1389,0.7967585430152108,0.6141059270440751,1.1010435428943994
1390,0.8435455376999629,3.851965663346175,1.02714019356827
1391,1.52142829987101,-0.4012176202626947,-0.4488692125214783
1392,0.9971813683225308,0.22685009388685412,1.074352173097703
1393,1.066932213340703,1.1069263901254032,1.2675266961150968
1394,1.4398512623004205,2.221615114839246,-0.14412799293484324
1395,1.2921681410352048,0.23634225813181145,0.7299123197261409
1396,1.6706469958535146,1.957294807555804,-0.40382581328775785
1397,2.194524900083427,0.30745106765986535,-0.5990484088982777
1398,0.15317889109077226,1.0628843268809574,0.31773996172749486
1399,1.2591950717525369,1.4930688502544904,1.4542232126666614
1400,1.2118321133602588,0.13799290847299797,1.6866538190735394
1401,1.492131841993793,1.4279132552973315,1.6820469542736858
1402,1.4898290828036627,0.5536003259899448,0.11572856223566755
1403,0.024713359471833514,1.4825536841590654,1.2641256931208018
1404,0.8133946054278852,0.541573889420042,0.514263542733876
1405,1.083013820134167,0.1552194785837511,0.49812820632302784
1406,0.598625155979567,0.34170725638921357,0.2931170101409217
1407,1.3481938568115732,0.7510967772361825,1.4272142061445101
1408,0.9738207462021256,0.23728105040679773,0.4290972028989075
1409,1.4465572420085857,0.7665508078283232,-0.110433308552926
1410,1.4910972693441729,1.3299805998397696,0.7214312071489838
1411,1.0278831182000163,0.02974381349849302,-0.44558957923157894
1412,1.5500072423859448,0.6745699142523208,-1.0581665517229109
1413,0.4653392917623091,0.7477216455035252,1.489716003905487
1415,0.1721091241727725,-0.6002631085395735,0.41774091132028474
1416,0.5878938218820227,0.6707014041052851,0.9274423589994656
1417,0.7535462727332317,0.9627288669438826,0.22732841095551048
1418,0.29446493985308697,0.5375393036847113,-0.802538532603974
1419,1.377583029201676,-0.023335500352014645,0.947282201971673
1420,1.0734360113589823,1.6326950900417205,0.38643097271305316
1421,0.7661004167081258,-0.3194969831423512,-0.6617022732855079
1422,1.3606662103167793,-0.4389987207034403,-1.6296263801291746
1424,1.373987066764512,0.3437136590701366,0.7382076939738911
1425,1.3928867635639146,0.40796186116528327,0.21723199497996282
1426,0.9533612321009579,-0.3272949847935155,0.1352872742700292
1427,1.6725351045671926,0.9089836850892039,0.4027453648267498
1428,1.5221249601166678,1.5005063671032994,0.6354093404123873
1429,0.9132271815725832,0.6140181201648709,0.18542501632971864
1430,1.3106890441700307,-0.22145483295914573,0.5163648258967477
1431,1.1412445180648594,-0.11332880029695463,0.41759488871206657
1432,0.44268134605871334,2.3883668194451597,2.4980645152808503
1433,1.103089222308236,-0.001996058064721127,0.9339505097343479
1434,1.1149362396825702,0.9642665274120217,0.5224167923727687
1435,0.12960283642610948,0.38975361779456974,1.3624957295588038
1436,0.5090970532060738,1.7278826781391299,0.41707209507415266
1437,0.7498464329084475,0.42839784869828074,0.32758963174012184
1438,1.2401157602106063,0.4444404947107902,0.7403853046365784
1439,1.4011861700893338,-0.015472701134197672,-1.2356404934690055
1440,0.4937148135746216,0.9099346251778189,0.583564496052946
1441,1.4657203465825048,-0.39874007787112165,0.17806387695305861
1442,1.0475566135249692,1.6720621626166894,1.078697707170836
1443,0.6642316234898177,0.13437861833493117,-0.17621384454678615
1444,1.1194362576523111,-0.34012119501655214,-0.19889735468129896
1445,1.220293186309228,-0.05594731312707505,0.5354866127373586
1446,0.8424599485117578,0.4805102000803943,-0.8570563181213523
1448,1.240677912275405,0.6868553234357617,1.2671260884683726
1449,1.1324123367920524,0.41870532598089977,0.9342127348174394
1451,1.2122039408439467,2.4420598750220175,2.1257171301203894
1452,0.7714132548437471,1.363447268452093,0.3720135623763803
1453,1.834895973311151,1.67315551959649,2.1307894822465205
1454,1.13386028188379,0.1763866826621099,0.24711807139115038
1455,0.6059947933742843,0.6734619894734912,-0.2711817927619318
1456,1.0425895817568382,0.5587478510068594,0.47194497483356057
1457,0.5431527311199733,-0.515658221866681,-0.06388095997447993
1459,0.2568734187290916,0.5475805720278333,1.7673244889203124
1460,1.0817782672634628,1.6970992759098253,1.5498076149180822
1461,1.488364038717887,0.4188827726263058,0.0223669149134441
1462,1.0650881353401456,0.9973482928292339,1.6687553316221093
1463,1.0211857421972643,-0.842874951145056,-1.0507023072882917
1464,0.9321480577699276,1.010834110379588,1.0888846755943884
1465,1.2548549314858193,0.6307049821956481,0.3753973073686736
1466,0.4483565235948319,0.9961820176704017,1.9340805719561036
1467,1.0134735874292229,1.0889318661596572,-0.8701335875986514
1468,1.5274195125695575,1.5325557354422468,1.091530393136641
1469,0.42788286802750586,0.7535362997610207,0.21739129701434579
1470,0.806198017394192,1.5078596214581224,0.7605357985408795
1471,1.6759067948768196,-0.24728626730694683,-0.7847423201732555
1472,0.697734638388151,2.0857291457287492,2.2991945744451097
1473,0.8583874708204695,0.26679663947641563,1.0918014222095636
1474,1.2010807091058047,0.7545675864441808,0.9285969618191493
1475,0.5440530303998795,-0.5051121308658543,0.8211427301274642
1476,1.1299594809938764,1.256467470425721,1.0181585903561474
1477,1.5548111650554415,1.260077342565139,0.8957427017437971
1478,0.7313285641170716,0.17669023178151613,-0.17548038696454532
1480,0.8142475406971902,0.818706885723663,0.2743852755534827
1481,1.1481822292312027,0.48163682172896555,0.26084495553913256
1482,0.308622647114558,0.24062357486565808,0.24096679993254722
1483,0.36519674100148947,1.0386391434326967,1.7816855008061827
1484,1.1387483901953712,1.8085694350216162,0.43480610146212856
1485,1.6693142515674944,1.0563772121855948,-3.5084295963192114
1486,0.8993480174009557,1.1415975026478742,2.0027477776402183
1487,0.8398697852577479,0.19493693304229082,-0.8721592738486252
1488,1.1133347170973205,-0.13226443108538907,-1.0142809014898426
1489,1.0018296678806105,-0.31516761793556475,-1.0649812482869696
1490,0.7591871023265429,0.8128335216285408,0.05502815938625601
1491,1.1240832322596528,0.4626860998918145,0.731924623806679
1492,0.9820257392620589,-0.0767226851399127,-0.5076692591712356
1494,0.677627501348519,1.034504642348995,0.9489103148326133
1495,1.4606347182589106,0.4773055388480649,0.9390212650024483
1497,1.1020390626379604,0.7104551989074916,1.3247410514651987
1498,1.622730129033577,0.5560605284792618,-0.9307896938078313
1499,1.962177360389249,1.3158966862613761,1.9699352676096198
1500,1.1501769845780951,0.726728591593278,0.0768067977808994
1501,0.9082045027642885,1.534272511994859,-0.7172064209963405
1503,0.9028389061481269,1.5984531381054374,1.2219459162123785
1504,0.6314516045847027,0.32650118103881987,0.013117826225314929
1506,1.3467121974429688,0.3118903338879926,-0.15970468686012362
1507,0.5041835668756098,0.9215272026792835,-1.1585296271911982
1508,1.4601434551389196,0.675028934693444,-0.17366840737370773
1511,1.3378186276567219,2.210634062825143,-0.8699723414271086
1512,1.258110031425474,1.5166752115486262,1.5410722877975256
1513,1.1633502690312783,-0.19800016792498826,-0.3260387117508568
1514,0.7390214931041232,1.8694914393858009,1.273535217809498
1515,1.3148591014473672,1.0703664133447504,0.2950291498647654
